Amino acid substitution,"Reported MIC (mg/L)",References
Q468K,>1024,"13, 14"
D471Y+S486L,>1024,13
S486L,1024,"13, 15"
H481N+A473T+A477T,256-1024,"13, 14, 16"
H481N+I527M,>512,"13, 14, 17"
Q468L,512,13
H481N+Q565R+S529L,512,"13, 14"
H481N+L466S,256-512,"13, 14"
H481Y,128-512,"13, 15, 16, 17, 18"
H481N+S529L,128-512,"13, 14, 16"
H481N+I527M,>256,17
H481D+Q468K,>256,19
H481D+I527L,>256,19
H481D+S529L,>256,19
Q468R,256,18
Q456K,128-256,16
R484H,128-256,"16, 18"
H481D,2-256,"16, 19"
A477D,128,18
D550G,128,18
H481D+A477T,128,19
ins 475H,>32,15
ins475G,16,16
M470T+D471G,12,15
S463P,8,16
D471Y,2-6,"13, 15, 18"
S464P,4,18
I527F,4,16
H481N,1-4,"13, 14, 16"
A477V,1,18
